date,value_1,value_2,value_3,value_4,value_5,OT
2000-01-04,42.71,19.61,7.9,0.0,0.0,57.29
2000-01-11,51.73,20.93,8.27,0.0,0.0,48.27
2000-01-18,56.74,21.75,8.67,0.0,0.0,43.26
2000-01-25,57.97,21.39,8.45,0.0,0.0,42.03
2000-02-01,54.4,24.29,8.53,0.0,0.0,45.6
2000-02-08,53.5,24.65,9.22,0.0,0.0,46.5
2000-02-15,52.83,26.77,9.13,0.0,0.0,47.17
2000-02-22,47.41,25.74,9.15,0.0,0.0,52.59
2000-02-29,45.65,27.28,11.75,0.0,0.0,54.35
2000-03-07,45.27,26.97,12.6,0.0,0.0,54.73
2000-03-14,40.56,25.6,13.43,0.0,0.0,59.44
2000-03-21,40.26,25.01,13.06,0.0,0.0,59.74
2000-03-28,38.03,22.27,10.42,0.0,0.0,61.97
2000-04-04,40.65,21.5,12.08,0.0,0.0,59.35
2000-04-11,37.84,22.19,11.43,0.0,0.0,62.16
2000-04-18,39.36,22.35,12.2,0.0,0.0,60.64
2000-04-25,36.8,20.42,10.91,1.24,0.0,63.2
2000-05-02,37.39,21.58,11.05,1.39,0.0,62.61
2000-05-09,37.13,20.76,10.73,1.39,0.0,62.87
2000-05-16,39.79,23.81,13.02,2.5,0.0,60.21
2000-05-23,35.37,19.99,11.84,3.0,0.0,64.63
2000-05-30,31.85,20.32,11.48,4.25,0.22,68.15
2000-06-06,31.39,17.97,10.7,4.52,0.25,68.61
2000-06-13,36.99,19.72,11.9,6.13,1.28,63.01
2000-06-20,35.75,19.13,11.86,5.62,1.37,64.25
2000-06-27,38.88,19.95,10.52,3.78,1.39,61.12
2000-07-04,42.2,14.97,6.91,3.61,1.05,57.8
2000-07-11,43.68,17.1,6.87,3.92,1.38,56.32
2000-07-18,44.35,18.87,7.42,4.57,1.77,55.65
2000-07-25,43.19,19.24,7.88,4.36,2.16,56.81
2000-08-01,41.67,20.29,8.74,4.13,2.01,58.33
2000-08-08,42.89,20.61,9.07,3.75,1.78,57.11
2000-08-15,43.3,23.11,10.95,3.69,1.66,56.7
2000-08-22,42.01,24.45,11.69,4.52,2.0,57.99
2000-08-29,47.15,27.02,13.24,5.74,2.06,52.85
2000-09-05,47.94,29.06,16.22,6.75,2.18,52.06
2000-09-12,47.14,32.28,20.28,7.44,1.43,52.86
2000-09-19,48.91,33.37,21.9,7.0,1.37,51.09
2000-09-26,48.42,32.09,20.06,5.76,0.62,51.58
2000-10-03,50.64,34.31,21.9,5.84,0.62,49.36
2000-10-10,49.82,34.34,20.33,4.91,0.39,50.18
2000-10-17,50.08,34.29,18.59,5.92,0.87,49.92
2000-10-24,53.77,32.84,14.42,6.42,1.41,46.23
2000-10-31,50.02,29.05,14.21,7.6,2.2,49.98
2000-11-07,37.93,16.67,10.4,6.26,0.83,62.07
2000-11-14,30.89,15.81,9.97,4.87,0.6,69.11
2000-11-21,29.95,14.8,8.94,2.21,0.0,70.05
2000-11-28,29.78,13.58,7.55,0.59,0.0,70.22
2000-12-05,28.39,14.02,7.57,0.68,0.11,71.61
2000-12-12,27.79,14.26,7.76,0.92,0.21,72.21
2000-12-19,24.61,12.82,6.29,0.74,0.25,75.39
2000-12-26,23.27,12.05,6.28,0.8,0.3,76.73
2001-01-02,24.47,11.65,5.14,0.8,0.28,75.53
2001-01-09,26.65,11.96,5.46,1.19,0.28,73.35
2001-01-16,25.29,12.07,5.13,1.29,0.28,74.71
2001-01-23,36.49,10.87,4.78,0.81,0.29,63.51
2001-01-30,32.66,9.92,4.19,0.74,0.29,67.34
2001-02-06,32.41,10.15,4.57,0.86,0.28,67.59
2001-02-13,31.25,18.67,4.72,1.35,0.51,68.75
2001-02-20,28.95,18.26,4.75,1.44,0.53,71.05
2001-02-27,29.22,18.22,4.76,1.45,0.61,70.78
2001-03-06,27.95,17.88,4.61,1.39,0.59,72.05
2001-03-13,28.55,17.7,7.91,1.33,0.59,71.45
2001-03-20,28.61,18.04,8.33,1.27,0.57,71.39
2001-03-27,31.55,17.76,8.33,1.23,0.54,68.45
2001-04-03,31.95,17.26,8.47,1.2,0.15,68.05
2001-04-10,29.74,17.78,8.48,1.2,0.17,70.26
2001-04-17,29.35,17.9,8.53,1.29,0.22,70.65
2001-04-24,29.48,18.55,8.63,1.29,0.22,70.52
2001-05-01,30.92,20.9,8.73,1.29,0.22,69.08
2001-05-08,39.74,23.89,11.03,1.66,0.22,60.26
2001-05-15,40.65,26.7,12.82,2.34,0.38,59.35
2001-05-22,38.72,26.73,11.17,2.15,0.41,61.28
2001-05-29,37.57,25.26,11.36,2.05,0.41,62.43
2001-06-05,33.25,22.62,10.98,1.96,0.33,66.75
2001-06-12,31.65,21.28,10.63,1.7,0.08,68.35
2001-06-19,35.89,20.52,12.13,1.61,0.0,64.11
2001-06-26,37.99,21.86,13.7,1.66,0.0,62.01
2001-07-03,40.35,22.56,14.89,3.35,0.0,59.65
2001-07-10,36.14,21.62,14.03,3.17,0.0,63.86
2001-07-17,41.41,21.95,14.81,2.97,0.0,58.59
2001-07-24,44.62,23.17,14.24,2.95,0.0,55.38
2001-07-31,44.2,25.95,14.86,4.37,0.0,55.8
2001-08-07,43.06,26.0,15.44,4.37,0.0,56.94
2001-08-14,40.95,25.88,15.55,4.18,0.0,59.05
2001-08-21,38.51,25.92,16.05,6.0,0.0,61.49
2001-08-28,39.78,25.47,16.68,7.11,0.0,60.22
2001-09-04,42.09,23.9,15.81,7.43,0.0,57.91
2001-09-11,42.57,25.16,16.66,7.83,0.0,57.43
2001-09-18,40.54,24.78,16.66,7.83,0.0,59.46
2001-09-25,36.65,23.78,16.54,7.84,0.0,63.35
2001-10-02,37.01,23.64,15.84,8.06,0.0,62.99
2001-10-09,39.71,24.41,15.84,8.36,0.0,60.29
2001-10-16,38.69,23.97,16.01,8.36,0.0,61.31
2001-10-23,43.49,26.29,16.48,8.36,0.0,56.51
2001-10-30,46.36,29.86,17.47,8.33,0.0,53.64
2001-11-06,48.54,31.16,18.65,9.54,0.0,51.46
2001-11-13,51.26,32.74,19.35,9.54,0.0,48.74
2001-11-20,51.07,32.76,20.55,9.25,0.0,48.93
2001-11-27,47.21,31.75,19.99,9.13,0.0,52.79
2001-12-04,46.77,32.33,19.79,7.87,0.0,53.23
2001-12-11,45.46,31.03,18.3,7.26,0.0,54.54
2001-12-18,44.53,30.89,19.24,7.22,0.0,55.47
2001-12-25,44.61,30.39,18.88,6.79,0.0,55.39
2002-01-01,44.72,30.63,18.98,7.31,0.0,55.28
2002-01-08,45.54,29.01,16.94,5.27,0.0,54.46
2002-01-15,47.07,28.13,15.26,4.82,0.0,52.93
2002-01-22,47.19,27.55,14.84,4.72,0.0,52.81
2002-01-29,47.88,27.05,13.95,4.43,0.0,52.12
2002-02-05,48.18,26.82,13.8,4.61,0.0,51.82
2002-02-12,49.03,28.25,13.85,4.41,0.0,50.97
2002-02-19,50.72,29.58,14.01,4.71,0.0,49.28
2002-02-26,53.39,30.27,15.13,4.81,0.0,46.61
2002-03-05,53.15,30.53,15.17,4.73,0.0,46.85
2002-03-12,58.81,36.71,18.01,5.65,0.0,41.19
2002-03-19,57.45,34.08,16.78,5.53,0.0,42.55
2002-03-26,57.49,34.66,19.52,5.37,0.0,42.51
2002-04-02,55.8,34.44,20.42,4.37,0.0,44.2
2002-04-09,54.72,35.58,21.53,4.68,0.0,45.28
2002-04-16,54.09,36.1,22.92,5.64,0.0,45.91
2002-04-23,54.88,36.06,24.9,7.83,0.0,45.12
2002-04-30,53.84,35.84,25.89,9.98,0.23,46.16
2002-05-07,55.73,36.73,26.47,9.53,0.51,44.27
2002-05-14,53.91,39.07,26.19,13.73,0.54,46.09
2002-05-21,52.41,37.04,25.4,14.1,0.51,47.59
2002-05-28,54.01,38.02,25.83,14.72,2.28,45.99
2002-06-04,60.01,37.23,25.07,14.08,2.26,39.99
2002-06-11,59.07,37.77,25.36,13.94,1.73,40.93
2002-06-18,57.3,39.23,26.56,14.98,2.07,42.7
2002-06-25,58.32,39.95,27.96,16.64,2.93,41.68
2002-07-02,59.07,40.22,28.96,17.48,4.42,40.93
2002-07-09,59.63,39.93,27.69,17.14,4.6,40.37
2002-07-16,59.99,40.55,28.44,17.81,4.61,40.01
2002-07-23,65.08,43.01,30.0,18.84,5.0,34.92
2002-07-30,65.87,42.15,28.95,18.8,5.1,34.13
2002-08-06,65.89,41.85,29.9,19.4,5.83,34.11
2002-08-13,65.61,42.19,29.53,19.56,6.22,34.39
2002-08-20,60.87,40.98,29.34,19.81,6.56,39.13
2002-08-27,59.05,41.2,29.48,19.63,6.19,40.95
2002-09-03,60.93,41.73,30.18,17.9,5.2,39.07
2002-09-10,59.38,45.64,31.78,17.15,4.18,40.62
2002-09-17,59.68,44.7,30.99,16.64,3.24,40.32
2002-09-24,56.91,44.05,29.83,15.7,2.75,43.09
2002-10-01,59.27,40.6,27.89,14.91,2.62,40.73
2002-10-08,59.53,41.94,27.05,14.09,1.75,40.47
2002-10-15,56.58,41.62,26.11,13.25,1.12,43.42
2002-10-22,54.04,40.48,25.38,12.93,1.12,45.96
2002-10-29,50.97,39.11,24.8,12.63,1.13,49.03
2002-11-05,50.86,40.23,25.19,12.32,1.11,49.14
2002-11-12,49.46,35.81,22.2,11.31,0.93,50.54
2002-11-19,49.3,34.99,21.96,11.34,0.96,50.7
2002-11-26,49.05,34.65,21.91,11.31,0.93,50.95
2002-12-03,49.33,35.13,22.22,11.07,0.91,50.67
2002-12-10,51.4,36.59,25.7,11.41,1.05,48.6
2002-12-17,48.37,35.57,25.71,11.61,1.07,51.63
2002-12-24,47.41,35.2,25.61,11.62,1.07,52.59
2002-12-31,46.13,34.47,25.34,11.91,1.07,53.87
2003-01-07,48.38,35.59,26.08,13.62,1.41,51.62
2003-01-14,48.52,36.79,26.89,15.34,2.15,51.48
2003-01-21,50.37,37.02,27.34,17.16,1.97,49.63
2003-01-28,51.3,37.13,27.49,17.43,2.09,48.7
2003-02-04,52.06,37.11,26.75,17.16,1.88,47.94
2003-02-11,53.26,37.9,27.41,17.26,1.93,46.74
2003-02-18,51.89,37.05,26.67,16.81,1.74,48.11
2003-02-25,52.39,36.36,27.14,16.65,1.74,47.61
2003-03-04,52.79,37.46,27.18,16.63,1.67,47.21
2003-03-11,54.55,37.46,27.04,16.13,1.41,45.45
2003-03-18,56.86,40.56,26.47,16.03,1.41,43.14
2003-03-25,55.6,40.11,25.75,14.29,1.02,44.4
2003-04-01,55.31,37.29,24.45,13.03,0.49,44.69
2003-04-08,53.3,35.89,22.71,12.35,0.22,46.7
2003-04-15,54.79,36.32,22.76,12.1,0.19,45.21
2003-04-22,53.3,35.85,22.73,11.99,0.22,46.7
2003-04-29,57.62,36.55,23.63,10.89,0.22,42.38
2003-05-06,54.22,35.82,19.59,9.08,0.22,45.78
2003-05-13,49.96,35.08,17.74,8.67,0.52,50.04
2003-05-20,48.87,35.71,21.3,8.48,0.5,51.13
2003-05-27,48.26,35.13,20.53,8.56,0.5,51.74
2003-06-03,51.03,35.12,20.56,8.46,0.51,48.97
2003-06-10,49.98,32.9,19.99,8.55,0.85,50.02
2003-06-17,49.73,29.71,18.45,9.13,0.84,50.27
2003-06-24,49.73,29.33,18.51,8.95,0.74,50.27
2003-07-01,46.07,25.75,18.21,9.05,0.63,53.93
2003-07-08,42.82,24.76,18.65,9.57,0.68,57.18
2003-07-15,48.71,26.74,19.91,10.45,0.68,51.29
2003-07-22,46.95,32.13,21.82,12.4,1.39,53.05
2003-07-29,46.59,39.44,24.2,12.62,1.8,53.41
2003-08-05,48.36,40.24,25.19,12.47,1.65,51.64
2003-08-12,49.79,40.92,27.2,12.82,1.63,50.21
2003-08-19,54.67,41.47,28.56,14.52,1.77,45.33
2003-08-26,56.49,45.88,31.15,15.77,1.84,43.51
2003-09-02,54.21,43.88,28.79,14.29,1.61,45.79
2003-09-09,54.56,45.44,31.54,15.09,1.85,45.44
2003-09-16,52.71,42.09,28.84,14.35,1.83,47.29
2003-09-23,53.12,42.1,28.31,14.09,1.73,46.88
2003-09-30,51.94,40.51,27.73,14.1,1.75,48.06
2003-10-07,49.91,40.49,28.14,13.99,1.73,50.09
2003-10-14,50.67,38.95,28.57,14.64,1.71,49.33
2003-10-21,52.27,39.05,28.94,14.43,1.7,47.73
2003-10-28,53.74,40.82,29.36,15.27,2.12,46.26
2003-11-04,52.73,40.11,28.37,15.34,2.18,47.27
2003-11-11,53.79,40.91,28.55,15.41,2.79,46.21
2003-11-18,52.51,40.55,28.21,14.79,2.65,47.49
2003-11-25,51.41,40.15,28.1,14.74,2.75,48.59
2003-12-02,50.71,39.96,28.11,14.43,2.8,49.29
2003-12-09,51.23,40.07,28.2,14.36,2.76,48.77
2003-12-16,49.2,39.77,28.36,14.67,2.82,50.8
2003-12-23,49.47,39.78,28.32,14.74,3.11,50.53
2003-12-30,49.18,38.33,28.22,13.36,2.84,50.82
2004-01-06,51.65,38.41,27.19,13.57,3.1,48.35
2004-01-13,50.35,37.09,26.52,13.31,2.64,49.65
2004-01-20,48.63,36.62,26.12,13.02,2.41,51.37
2004-01-27,48.03,35.55,25.87,12.99,2.52,51.97
2004-02-03,48.03,34.98,25.76,12.5,2.48,51.97
2004-02-10,49.22,34.36,25.63,12.11,2.36,50.78
2004-02-17,49.19,34.5,25.69,12.06,2.36,50.81
2004-02-24,48.25,34.23,25.69,12.29,2.36,51.75
2004-03-02,47.48,32.74,23.61,10.47,1.74,52.52
2004-03-09,44.68,32.14,22.99,10.41,1.61,55.32
2004-03-16,44.41,31.51,22.62,10.31,1.61,55.59
2004-03-23,47.58,32.06,22.71,10.57,1.61,52.42
2004-03-30,48.32,31.21,22.67,10.93,1.61,51.68
2004-04-06,48.91,30.09,21.15,8.61,0.54,51.09
2004-04-13,50.02,30.43,21.08,8.65,0.68,49.98
2004-04-20,52.04,32.0,21.72,9.1,0.7,47.96
2004-04-27,50.15,32.45,21.66,8.82,0.7,49.85
2004-05-04,48.87,33.16,22.32,10.05,0.9,51.13
2004-05-11,49.27,32.68,22.53,10.32,0.91,50.73
2004-05-18,48.24,31.18,21.26,10.15,0.93,51.76
2004-05-25,51.17,33.36,21.63,10.8,0.67,48.83
2004-06-01,49.01,32.87,21.51,10.7,0.67,50.99
2004-06-08,46.16,32.21,21.58,10.58,0.49,53.84
2004-06-15,43.35,31.4,21.27,10.49,1.07,56.65
2004-06-22,41.0,30.14,20.3,9.34,1.02,59.0
2004-06-29,42.09,28.2,19.67,9.23,1.02,57.91
2004-07-06,42.68,28.19,19.59,8.83,1.0,57.32
2004-07-13,43.36,27.96,20.21,8.87,1.0,56.64
2004-07-20,45.26,28.73,20.19,8.87,1.19,54.74
2004-07-27,46.29,28.06,19.79,8.96,1.15,53.71
2004-08-03,47.43,28.38,20.09,9.14,1.15,52.57
2004-08-10,46.01,29.05,19.9,9.48,1.05,53.99
2004-08-17,43.51,30.78,19.75,10.02,1.05,56.49
2004-08-24,41.86,30.1,19.26,9.72,1.03,58.14
2004-08-31,40.87,29.74,19.0,9.64,1.01,59.13
2004-09-07,39.6,27.23,18.76,8.94,0.99,60.4
2004-09-14,40.67,25.86,18.53,8.58,0.81,59.33
2004-09-21,41.32,25.58,18.37,8.11,0.78,58.68
2004-09-28,39.26,25.49,18.23,8.1,0.78,60.74
2004-10-05,43.39,27.01,18.03,7.86,0.78,56.61
2004-10-12,40.16,26.47,17.77,8.06,0.83,59.84
2004-10-19,38.19,25.76,17.28,8.03,0.81,61.81
2004-10-26,38.19,24.88,16.08,6.96,0.78,61.81
2004-11-02,36.61,23.89,15.99,6.97,0.78,63.39
2004-11-09,36.46,23.86,15.12,6.73,0.78,63.54
2004-11-16,37.03,23.88,14.84,6.69,0.78,62.97
2004-11-23,36.44,23.76,14.78,6.59,0.78,63.56
2004-11-30,34.1,22.55,13.97,5.43,0.78,65.9
2004-12-07,33.58,22.57,13.78,5.43,0.78,66.42
2004-12-14,32.87,22.46,13.44,5.23,0.75,67.13
2004-12-21,34.21,22.66,13.85,5.34,0.77,65.79
2004-12-28,32.41,22.64,13.8,5.45,0.77,67.59
2005-01-04,30.91,21.42,12.86,4.94,0.64,69.09
2005-01-11,33.34,20.35,11.39,4.06,0.63,66.66
2005-01-18,32.59,20.27,11.19,4.01,0.6,67.41
2005-01-25,32.73,20.59,11.29,4.18,0.6,67.27
2005-02-01,32.66,23.77,11.89,4.07,0.6,67.34
2005-02-08,32.38,23.34,11.78,4.7,0.87,67.62
2005-02-15,32.77,22.76,11.86,4.82,0.87,67.23
2005-02-22,33.16,22.7,12.87,4.88,0.87,66.84
2005-03-01,32.08,22.31,13.59,4.6,1.1,67.92
2005-03-08,33.51,22.36,14.03,4.64,1.11,66.49
2005-03-15,33.72,22.42,14.68,5.59,1.31,66.28
2005-03-22,33.37,22.42,14.68,5.59,1.31,66.63
2005-03-29,31.3,21.66,13.81,4.87,1.26,68.7
2005-04-05,30.62,21.03,13.66,4.75,1.21,69.38
2005-04-12,27.42,19.59,12.9,4.6,1.24,72.58
2005-04-19,29.87,18.53,11.69,4.82,1.28,70.13
2005-04-26,29.82,18.5,11.11,3.97,0.71,70.18
2005-05-03,37.09,18.2,11.02,3.87,0.56,62.91
2005-05-10,39.72,18.81,11.07,2.75,0.0,60.28
2005-05-17,33.69,17.83,8.71,1.58,0.0,66.31
2005-05-24,37.36,18.7,8.92,1.58,0.0,62.64
2005-05-31,37.8,19.92,8.82,1.58,0.0,62.2
2005-06-07,37.57,22.58,7.39,0.9,0.0,62.43
2005-06-14,33.77,20.23,6.41,0.42,0.0,66.23
2005-06-21,33.98,19.18,6.35,0.0,0.0,66.02
2005-06-28,41.07,21.06,8.13,0.59,0.0,58.93
2005-07-05,39.98,22.5,9.55,1.37,0.0,60.02
2005-07-12,37.93,22.1,8.76,1.15,0.0,62.07
2005-07-19,40.27,23.69,9.91,1.26,0.0,59.73
2005-07-26,43.13,24.08,10.06,1.62,0.0,56.87
2005-08-02,43.78,24.48,10.28,1.54,0.0,56.22
2005-08-09,43.5,23.18,9.41,1.53,0.0,56.5
2005-08-16,41.44,21.2,8.17,0.83,0.0,58.56
2005-08-23,38.51,19.6,7.56,0.7,0.0,61.49
2005-08-30,37.61,18.32,7.11,0.7,0.0,62.39
2005-09-06,39.51,18.53,7.94,0.95,0.0,60.49
2005-09-13,42.51,20.46,8.24,1.16,0.0,57.49
2005-09-20,42.71,21.76,7.56,0.83,0.0,57.29
2005-09-27,40.43,19.82,6.01,0.62,0.0,59.57
2005-10-04,40.09,20.92,5.7,0.68,0.0,59.91
2005-10-11,36.09,15.82,4.64,0.7,0.0,63.91
2005-10-18,35.69,15.5,4.27,0.67,0.0,64.31
2005-10-25,38.93,16.89,4.43,0.84,0.0,61.07
2005-11-01,45.0,18.35,4.58,0.84,0.0,55.0
2005-11-08,45.15,20.03,3.81,0.75,0.0,54.85
2005-11-15,45.05,19.49,4.91,0.8,0.0,54.95
2005-11-22,43.17,18.73,5.59,0.8,0.0,56.83
2005-11-29,41.12,17.78,5.58,0.88,0.0,58.88
2005-12-06,39.37,18.46,5.07,1.16,0.0,60.63
2005-12-13,40.46,18.88,5.62,1.39,0.0,59.54
2005-12-20,40.12,19.05,6.18,2.34,0.45,59.88
2005-12-27,38.64,18.9,6.14,2.34,0.45,61.36
2006-01-03,37.48,17.81,6.25,2.47,0.51,62.52
2006-01-10,39.61,18.58,6.77,3.06,0.55,60.39
2006-01-17,41.66,21.32,7.14,3.13,0.64,58.34
2006-01-24,39.78,21.1,9.03,3.82,0.73,60.22
2006-01-31,39.63,22.76,9.42,3.63,0.45,60.37
2006-02-07,40.27,23.82,11.56,5.1,0.51,59.73
2006-02-14,39.49,23.54,11.92,5.32,0.48,60.51
2006-02-21,39.64,23.88,12.75,5.5,0.53,60.36
2006-02-28,42.75,25.16,13.72,5.98,1.02,57.25
2006-03-07,44.43,26.36,15.06,6.94,1.02,55.57
2006-03-14,42.97,26.15,15.2,6.75,1.14,57.03
2006-03-21,48.61,25.01,13.81,4.21,0.94,51.39
2006-03-28,48.57,26.23,13.98,3.53,0.94,51.43
2006-04-04,49.78,26.07,12.56,3.41,0.94,50.22
2006-04-11,46.86,26.4,13.82,3.31,0.94,53.14
2006-04-18,48.42,27.39,15.62,4.64,1.06,51.58
2006-04-25,47.43,27.06,15.5,5.67,1.03,52.57
2006-05-02,47.34,25.08,12.93,4.64,1.52,52.66
2006-05-09,48.32,21.79,10.37,5.81,1.42,51.68
2006-05-16,43.57,20.94,10.84,5.71,1.13,56.43
2006-05-23,41.46,22.71,11.63,5.95,1.13,58.54
2006-05-30,44.79,24.55,12.44,5.75,1.08,55.21
2006-06-06,44.16,26.13,15.13,6.91,0.99,55.84
2006-06-13,48.46,29.38,16.43,8.18,0.98,51.54
2006-06-20,48.25,28.34,16.51,7.99,0.98,51.75
2006-06-27,47.27,29.36,16.06,7.51,1.05,52.73
2006-07-04,47.33,31.78,16.51,7.07,0.79,52.67
2006-07-11,51.3,33.88,14.57,4.46,0.52,48.7
2006-07-18,53.13,40.5,21.64,6.14,0.84,46.87
2006-07-25,54.05,41.74,24.33,9.46,1.04,45.95
2006-08-01,53.42,40.46,23.97,9.48,1.05,46.58
2006-08-08,54.94,41.24,25.84,10.1,1.59,45.06
2006-08-15,55.25,41.07,24.95,9.47,1.68,44.75
2006-08-22,54.01,40.09,24.36,9.22,1.67,45.99
2006-08-29,53.0,36.72,20.55,8.32,1.45,47.0
2006-09-05,51.04,34.49,19.42,7.99,0.87,48.96
2006-09-12,48.31,33.55,18.46,8.6,1.21,51.69
2006-09-19,47.51,30.74,13.78,6.28,0.25,52.49
2006-09-26,45.99,27.53,13.62,5.52,0.12,54.01
2006-10-03,46.46,28.82,13.81,5.69,0.12,53.54
2006-10-10,45.82,29.34,14.04,5.58,0.2,54.18
2006-10-17,44.55,27.63,13.66,5.29,0.24,55.45
2006-10-24,42.01,26.38,13.86,5.11,0.0,57.99
2006-10-31,40.2,25.05,12.98,5.05,0.0,59.8
2006-11-07,36.6,22.8,11.6,4.76,0.0,63.4
2006-11-14,37.7,23.01,11.6,4.87,0.0,62.3
2006-11-21,36.37,21.8,11.28,5.34,0.14,63.63
2006-11-28,35.75,21.84,11.67,6.2,0.22,64.25
2006-12-05,38.69,21.0,10.97,5.13,0.15,61.31
2006-12-12,40.02,21.43,11.29,5.2,0.51,59.98
2006-12-19,49.68,22.15,11.45,5.18,0.51,50.32
2006-12-26,48.52,21.33,10.89,4.89,0.4,51.48
2007-01-02,46.44,21.41,10.54,4.95,0.28,53.56
2007-01-09,44.96,21.6,11.25,5.24,0.28,55.04
2007-01-16,42.42,20.86,10.91,5.02,0.26,57.58
2007-01-23,39.37,20.87,11.16,4.43,0.18,60.63
2007-01-30,40.71,21.39,11.47,4.45,0.18,59.29
2007-02-06,43.02,21.08,11.8,4.45,0.18,56.98
2007-02-13,43.3,21.85,12.24,4.69,0.19,56.7
2007-02-20,45.01,22.63,12.13,4.51,0.15,54.99
2007-02-27,42.35,21.09,11.16,3.86,0.15,57.65
2007-03-06,41.51,19.69,10.12,3.23,0.15,58.49
2007-03-13,48.27,22.11,10.97,4.57,0.15,51.73
2007-03-20,49.22,22.53,11.14,4.5,0.15,50.78
2007-03-27,52.81,27.57,11.71,3.91,0.0,47.19
2007-04-03,47.89,25.59,8.74,2.54,0.0,52.11
2007-04-10,48.33,26.59,9.39,2.51,0.0,51.67
2007-04-17,46.03,26.25,11.1,2.88,0.0,53.97
2007-04-24,46.37,26.49,11.59,3.38,0.0,53.63
2007-05-01,46.39,27.16,12.43,3.95,0.0,53.61
2007-05-08,45.55,26.41,12.17,4.28,0.0,54.45
2007-05-15,47.4,27.44,13.38,4.59,0.0,52.6
2007-05-22,47.66,28.31,14.52,5.56,0.0,52.34
2007-05-29,48.9,28.34,14.76,5.76,0.0,51.1
2007-06-05,49.59,28.29,14.16,5.41,0.31,50.41
2007-06-12,47.99,28.11,15.3,5.4,0.74,52.01
2007-06-19,49.63,28.58,15.94,6.3,1.0,50.37
2007-06-26,50.58,28.8,15.96,6.15,0.77,49.42
2007-07-03,50.79,28.96,15.49,5.92,0.64,49.21
2007-07-10,53.61,32.88,16.23,5.29,0.43,46.39
2007-07-17,54.44,35.47,16.51,5.28,0.43,45.56
2007-07-24,57.02,36.65,20.85,5.28,0.33,42.98
2007-07-31,58.35,38.63,24.03,5.66,0.55,41.65
2007-08-07,60.11,39.31,25.09,6.97,1.28,39.89
2007-08-14,59.31,40.33,27.47,8.37,1.95,40.69
2007-08-21,58.84,40.81,27.83,10.45,2.39,41.16
2007-08-28,56.52,38.29,27.69,10.7,2.32,43.48
2007-09-04,56.17,38.07,27.01,10.16,2.0,43.83
2007-09-11,53.84,37.22,26.83,10.29,2.36,46.16
2007-09-18,52.04,36.68,26.8,10.22,1.93,47.96
2007-09-25,52.13,36.8,25.09,9.86,1.9,47.87
2007-10-02,52.62,36.64,24.76,10.02,2.8,47.38
2007-10-09,52.47,36.63,25.06,10.36,2.95,47.53
2007-10-16,51.98,36.76,25.25,10.97,3.61,48.02
2007-10-23,48.83,32.53,22.04,8.85,3.32,51.17
2007-10-30,44.92,29.37,19.13,6.59,1.84,55.08
2007-11-06,47.6,29.78,19.22,6.69,2.06,52.4
2007-11-13,51.34,30.19,18.82,6.31,2.27,48.66
2007-11-20,53.53,30.91,18.73,6.73,2.45,46.47
2007-11-27,50.03,31.29,18.99,6.72,2.41,49.97
2007-12-04,51.92,30.38,17.28,5.14,2.71,48.08
2007-12-11,49.5,29.71,17.47,5.36,3.13,50.5
2007-12-18,47.77,28.97,17.43,5.36,3.13,52.23
2007-12-25,47.78,28.85,17.36,5.35,3.13,52.22
2008-01-01,50.73,29.21,17.04,4.81,1.99,49.27
2008-01-08,52.21,29.59,15.25,3.94,2.09,47.79
2008-01-15,53.28,29.82,16.03,3.71,1.82,46.72
2008-01-22,51.7,28.81,14.94,3.47,1.82,48.3
2008-01-29,52.21,26.38,13.53,3.67,1.91,47.79
2008-02-05,51.82,26.11,12.86,3.4,1.8,48.18
2008-02-12,54.13,25.05,12.62,3.41,1.8,45.87
2008-02-19,51.53,24.83,12.79,3.36,1.72,48.47
2008-02-26,48.58,24.39,12.58,2.8,0.91,51.42
2008-03-04,47.08,23.78,12.75,2.74,0.75,52.92
2008-03-11,46.04,22.73,12.0,2.22,0.32,53.96
2008-03-18,46.01,24.77,11.38,2.22,0.09,53.99
2008-03-25,45.83,23.62,10.51,2.1,0.0,54.17
2008-04-01,46.85,23.69,8.12,2.38,0.0,53.15
2008-04-08,44.11,22.25,6.68,2.19,0.0,55.89
2008-04-15,43.53,22.37,8.03,1.97,0.24,56.47
2008-04-22,43.52,22.5,7.65,2.1,0.24,56.48
2008-04-29,45.59,22.8,8.77,2.08,0.24,54.41
2008-05-06,45.11,21.4,7.3,1.83,0.0,54.89
2008-05-13,44.08,20.52,7.2,1.74,0.0,55.92
2008-05-20,42.75,21.05,7.22,1.3,0.0,57.25
2008-05-27,37.08,18.01,6.78,1.37,0.0,62.92
2008-06-03,38.36,19.31,7.16,1.48,0.0,61.64
2008-06-10,43.67,19.83,7.87,1.96,0.0,56.33
2008-06-17,40.2,25.29,10.11,3.57,0.26,59.8
2008-06-24,40.47,24.55,9.89,3.8,0.35,59.53
2008-07-01,40.1,23.5,10.09,3.65,0.66,59.9
2008-07-08,40.43,23.08,9.94,3.47,0.74,59.57
2008-07-15,40.42,22.75,9.06,2.9,0.7,59.58
2008-07-22,43.95,23.05,9.17,3.34,1.02,56.05
2008-07-29,42.89,23.63,10.59,3.65,0.81,57.11
2008-08-05,44.63,23.7,10.91,3.63,0.81,55.37
2008-08-12,43.42,22.9,10.79,3.7,0.8,56.58
2008-08-19,42.93,21.17,9.73,2.59,0.64,57.07
2008-08-26,44.59,19.47,7.72,1.61,0.12,55.41
2008-09-02,43.67,20.1,6.88,1.32,0.12,56.33
2008-09-09,40.41,19.07,6.63,1.21,0.12,59.59
2008-09-16,40.82,18.4,6.34,1.17,0.12,59.18
2008-09-23,41.35,19.22,6.82,1.28,0.15,58.65
2008-09-30,42.87,19.82,7.49,1.56,0.15,57.13
2008-10-07,42.34,19.48,7.6,1.47,0.15,57.66
2008-10-14,39.53,17.78,7.59,1.47,0.1,60.47
2008-10-21,40.9,18.87,7.97,1.47,0.1,59.1
2008-10-28,38.24,18.17,7.91,1.45,0.1,61.76
2008-11-04,40.06,18.23,7.28,1.57,0.16,59.94
2008-11-11,38.83,17.77,7.24,1.57,0.37,61.17
2008-11-18,39.69,17.61,6.87,1.5,0.37,60.31
2008-11-25,40.76,18.01,6.95,1.74,0.43,59.24
2008-12-02,43.37,18.2,6.71,1.79,0.52,56.63
2008-12-09,43.49,18.33,7.28,1.87,0.64,56.51
2008-12-16,43.15,17.55,6.1,1.33,0.31,56.85
2008-12-23,42.11,17.12,5.68,1.15,0.31,57.89
2008-12-30,38.86,16.16,5.25,1.05,0.31,61.14
2009-01-06,39.27,16.15,5.01,1.02,0.31,60.73
2009-01-13,38.83,16.34,5.46,1.38,0.31,61.17
2009-01-20,38.8,16.22,5.82,1.9,0.31,61.2
2009-01-27,41.82,17.71,7.1,2.06,0.31,58.18
2009-02-03,40.77,18.27,7.98,2.41,0.49,59.23
2009-02-10,44.63,18.43,8.08,2.41,0.56,55.37
2009-02-17,42.97,17.71,7.82,2.36,0.63,57.03
2009-02-24,43.18,20.14,7.56,2.27,0.63,56.82
2009-03-03,45.95,21.55,7.32,1.92,0.71,54.05
2009-03-10,45.52,21.57,6.44,1.79,0.71,54.48
2009-03-17,45.33,20.54,6.58,1.59,0.52,54.67
2009-03-24,47.91,22.3,6.8,1.59,0.52,52.09
2009-03-31,42.33,20.73,6.71,1.82,0.52,57.67
2009-04-07,39.01,18.8,7.9,1.82,0.52,60.99
2009-04-14,38.04,17.45,7.85,1.92,0.85,61.96
2009-04-21,37.87,16.22,7.51,1.79,0.83,62.13
2009-04-28,39.11,15.35,6.78,1.71,0.72,60.89
2009-05-05,33.95,14.48,6.2,1.77,0.72,66.05
2009-05-12,31.06,14.37,6.3,2.21,1.1,68.94
2009-05-19,30.11,14.37,6.06,1.59,0.63,69.89
2009-05-26,27.57,12.52,4.78,1.28,0.5,72.43
2009-06-02,30.08,12.33,5.1,1.22,0.48,69.92
2009-06-09,30.83,12.48,5.18,1.29,0.56,69.17
2009-06-16,30.6,11.89,5.0,1.22,0.56,69.4
2009-06-23,28.1,11.35,4.56,1.14,0.61,71.9
2009-06-30,30.64,11.84,4.65,1.47,0.82,69.36
2009-07-07,32.15,12.36,5.2,1.65,1.04,67.85
2009-07-14,33.58,13.26,5.42,1.83,1.32,66.42
2009-07-21,34.78,12.75,5.76,1.82,1.21,65.22
2009-07-28,32.09,11.93,5.75,1.82,1.38,67.91
2009-08-04,30.98,11.18,5.71,2.14,1.24,69.02
2009-08-11,33.55,10.74,5.4,2.14,1.24,66.45
2009-08-18,32.05,10.82,5.45,2.15,1.33,67.95
2009-08-25,30.06,11.9,5.09,1.95,1.39,69.94
2009-09-01,29.17,11.94,5.03,1.95,1.28,70.83
2009-09-08,30.88,12.62,4.9,1.84,1.18,69.12
2009-09-15,29.38,12.32,4.69,1.17,0.25,70.62
2009-09-22,29.46,12.83,5.22,1.31,0.28,70.54
2009-09-29,31.59,12.61,5.22,1.09,0.23,68.41
2009-10-06,29.85,12.27,4.8,0.63,0.11,70.15
2009-10-13,28.39,11.95,5.81,0.54,0.11,71.61
2009-10-20,26.52,10.79,4.5,0.58,0.11,73.48
2009-10-27,23.55,10.06,3.91,0.4,0.07,76.45
2009-11-03,22.14,10.7,3.84,0.4,0.07,77.86
2009-11-10,22.79,10.94,3.82,0.33,0.07,77.21
2009-11-17,21.74,10.65,4.05,0.33,0.07,78.26
2009-11-24,23.66,11.08,4.47,0.45,0.05,76.34
2009-12-01,23.64,11.05,4.41,0.41,0.0,76.36
2009-12-08,23.67,10.86,4.41,0.34,0.0,76.33
2009-12-15,25.73,10.61,3.76,0.17,0.0,74.27
2009-12-22,25.61,10.54,3.59,0.17,0.0,74.39
2009-12-29,28.06,10.46,3.59,0.17,0.0,71.94
2010-01-05,28.06,11.16,3.59,0.17,0.0,71.94
2010-01-12,32.4,11.62,5.19,0.32,0.0,67.6
2010-01-19,32.15,11.5,4.82,0.32,0.0,67.85
2010-01-26,29.8,7.75,1.4,0.13,0.0,70.2
2010-02-02,29.11,7.21,1.23,0.02,0.0,70.89
2010-02-09,29.16,6.64,1.2,0.02,0.0,70.84
2010-02-16,30.22,7.5,1.31,0.02,0.0,69.78
2010-02-23,29.88,7.69,1.4,0.02,0.0,70.12
2010-03-02,29.49,7.52,1.37,0.03,0.01,70.51
2010-03-09,31.11,8.13,2.02,0.05,0.01,68.89
2010-03-16,29.49,7.88,1.99,0.05,0.01,70.51
2010-03-23,28.84,7.97,1.92,0.05,0.01,71.16
2010-03-30,29.22,7.63,1.75,0.05,0.01,70.78
2010-04-06,30.54,7.69,1.75,0.04,0.01,69.46
2010-04-13,33.1,7.72,1.73,0.04,0.01,66.9
2010-04-20,32.84,8.54,1.92,0.04,0.01,67.16
2010-04-27,34.11,9.0,2.26,0.04,0.01,65.89
2010-05-04,32.73,9.17,2.26,0.04,0.01,67.27
2010-05-11,32.2,9.56,2.26,0.04,0.01,67.8
2010-05-18,28.09,8.72,2.36,0.07,0.01,71.91
2010-05-25,26.48,8.14,2.14,0.2,0.01,73.52
2010-06-01,29.33,8.59,2.79,0.44,0.01,70.67
2010-06-08,24.77,8.0,2.55,0.45,0.01,75.23
2010-06-15,25.61,7.62,1.97,0.45,0.01,74.39
2010-06-22,28.68,7.86,1.78,0.45,0.01,71.32
2010-06-29,28.52,7.51,1.63,0.38,0.01,71.48
2010-07-06,27.0,6.6,1.23,0.26,0.01,73.0
2010-07-13,27.31,6.67,1.19,0.26,0.01,72.69
2010-07-20,28.92,7.03,1.23,0.26,0.01,71.08
2010-07-27,26.52,7.61,1.62,0.29,0.01,73.48
2010-08-03,24.49,6.96,1.72,0.3,0.01,75.51
2010-08-10,25.18,7.08,1.7,0.3,0.01,74.82
2010-08-17,27.08,7.19,1.47,0.18,0.01,72.92
2010-08-24,25.76,6.82,1.28,0.18,0.01,74.24
2010-08-31,29.6,8.1,1.32,0.18,0.01,70.4
2010-09-07,27.46,7.79,1.61,0.24,0.01,72.54
2010-09-14,29.43,8.73,1.94,0.24,0.01,70.57
2010-09-21,33.64,10.33,2.53,0.31,0.01,66.36
2010-09-28,38.08,11.13,2.66,0.31,0.01,61.92
2010-10-05,35.08,9.92,2.34,0.32,0.01,64.92
2010-10-12,36.48,10.58,3.59,0.49,0.01,63.52
2010-10-19,38.06,12.53,4.77,0.95,0.01,61.94
2010-10-26,34.82,12.87,5.02,1.04,0.01,65.18
2010-11-02,36.76,13.28,5.47,1.15,0.0,63.24
2010-11-09,37.88,13.89,5.44,1.17,0.0,62.12
2010-11-16,39.08,13.89,5.06,1.08,0.0,60.92
2010-11-23,38.26,14.38,5.42,0.99,0.0,61.74
2010-11-30,38.88,14.02,5.1,0.68,0.0,61.12
2010-12-07,38.81,14.97,5.88,1.1,0.0,61.19
2010-12-14,38.55,16.62,6.03,1.2,0.0,61.45
2010-12-21,37.86,19.57,7.06,1.64,0.0,62.14
2010-12-28,37.78,19.9,7.6,1.98,0.0,62.22
2011-01-04,36.57,18.23,7.13,2.17,0.0,63.43
2011-01-11,36.5,19.4,6.42,1.99,0.0,63.5
2011-01-18,37.59,19.23,6.67,1.82,0.0,62.41
2011-01-25,38.5,20.14,7.5,1.74,0.0,61.5
2011-02-01,41.65,20.2,8.86,1.34,0.0,58.35
2011-02-08,40.9,20.34,8.08,1.2,0.0,59.1
2011-02-15,41.72,20.9,8.04,1.2,0.0,58.28
2011-02-22,39.44,23.64,9.57,1.73,0.0,60.56
2011-03-01,38.73,23.44,10.43,1.92,0.0,61.27
2011-03-08,36.88,23.07,10.51,2.24,0.0,63.12
2011-03-15,35.71,21.77,10.91,2.8,0.0,64.29
2011-03-22,35.89,22.95,12.47,3.98,0.0,64.11
2011-03-29,35.0,23.6,15.24,5.36,0.0,65.0
2011-04-05,34.39,24.11,15.19,7.31,0.35,65.61
2011-04-12,34.29,23.88,15.31,7.52,0.78,65.71
2011-04-19,33.69,22.97,15.87,8.25,1.19,66.31
2011-04-26,31.68,22.29,15.46,9.07,1.39,68.32
2011-05-03,31.0,22.13,16.1,9.74,2.61,69.0
2011-05-10,31.02,22.14,17.16,10.43,4.96,68.98
2011-05-17,29.77,22.09,17.29,11.01,5.04,70.23
2011-05-24,29.22,21.34,16.93,11.24,4.69,70.78
2011-05-31,28.99,21.41,17.29,12.27,5.23,71.01
2011-06-07,31.28,22.42,17.81,13.15,6.52,68.72
2011-06-14,31.89,22.69,18.21,13.72,7.54,68.11
2011-06-21,31.6,22.83,18.68,15.04,9.89,68.4
2011-06-28,34.79,23.49,19.45,15.35,9.97,65.21
2011-07-05,34.69,24.49,19.7,15.55,9.83,65.31
2011-07-12,33.25,24.0,19.79,15.6,9.99,66.75
2011-07-19,33.95,23.76,19.4,15.06,9.11,66.05
2011-07-26,37.03,24.67,19.93,15.2,9.23,62.97
2011-08-02,39.97,27.06,21.04,15.28,9.13,60.03
2011-08-09,39.95,27.52,20.68,15.44,9.58,60.05
2011-08-16,39.84,25.97,19.59,14.51,9.05,60.16
2011-08-23,40.12,25.93,19.58,14.4,9.31,59.88
2011-08-30,40.74,27.51,20.68,15.27,9.37,59.26
2011-09-06,36.95,25.14,19.55,15.08,9.36,63.05
2011-09-13,37.92,25.86,20.16,15.49,9.81,62.08
2011-09-20,35.91,25.53,19.78,15.03,9.48,64.09
2011-09-27,36.55,24.42,19.61,14.88,9.5,63.45
2011-10-04,37.65,25.14,19.88,15.04,9.77,62.35
2011-10-11,35.4,25.54,19.96,14.31,8.15,64.6
2011-10-18,34.15,25.04,19.82,14.57,8.28,65.85
2011-10-25,34.46,25.39,20.04,14.43,7.98,65.54
2011-11-01,36.12,27.32,20.38,14.82,7.4,63.88
2011-11-08,37.05,27.8,20.08,14.63,7.34,62.95
2011-11-15,36.82,26.74,20.08,14.39,7.27,63.18
2011-11-22,36.09,26.15,19.42,13.8,6.78,63.91
2011-11-29,34.42,24.61,18.33,12.51,5.0,65.58
2011-12-06,34.14,23.63,17.63,11.55,4.01,65.86
2011-12-13,35.93,23.52,17.47,10.75,3.83,64.07
2011-12-20,35.82,23.09,16.24,9.34,3.66,64.18
2011-12-27,41.13,23.89,15.89,8.37,2.76,58.87
2012-01-03,41.53,26.73,15.78,8.51,2.77,58.47
2012-01-10,44.97,27.28,15.78,8.16,2.2,55.03
2012-01-17,47.67,27.25,15.73,8.53,2.31,52.33
2012-01-24,48.78,30.34,15.46,8.19,2.29,51.22
2012-01-31,48.75,31.73,15.44,8.03,2.66,51.25
2012-02-07,47.8,31.73,15.1,7.67,2.63,52.2
2012-02-14,48.06,31.69,15.07,7.79,2.69,51.94
2012-02-21,47.98,31.78,14.54,6.39,2.03,52.02
2012-02-28,48.17,32.38,16.36,6.39,2.09,51.83
2012-03-06,47.88,32.68,16.18,6.06,2.04,52.12
2012-03-13,48.76,33.3,17.49,6.1,2.02,51.24
2012-03-20,46.95,32.09,16.09,5.76,1.84,53.05
2012-03-27,47.25,30.09,16.27,5.63,1.8,52.75
2012-04-03,50.33,30.79,16.47,5.57,1.61,49.67
2012-04-10,50.96,32.11,16.87,5.64,1.72,49.04
2012-04-17,49.77,30.94,16.43,5.5,1.58,50.23
2012-04-24,49.75,31.05,16.73,5.58,1.55,50.25
2012-05-01,49.67,31.98,17.09,5.79,1.61,50.33
2012-05-08,46.99,30.05,16.46,5.67,1.34,53.01
2012-05-15,45.88,28.18,15.41,4.78,0.85,54.12
2012-05-22,52.17,29.58,16.31,4.98,0.8,47.83
2012-05-29,53.6,31.31,15.87,4.38,0.55,46.4
2012-06-05,53.6,32.34,15.85,3.86,0.5,46.4
2012-06-12,52.38,33.24,16.04,3.29,0.24,47.62
2012-06-19,60.58,39.12,20.32,4.35,0.24,39.42
2012-06-26,67.11,42.81,25.72,7.15,0.34,32.89
2012-07-03,70.71,46.84,28.66,8.64,0.5,29.29
2012-07-10,71.7,50.92,31.11,9.71,0.62,28.3
2012-07-17,72.38,53.18,35.33,11.32,0.83,27.62
2012-07-24,71.81,53.45,38.12,17.2,1.99,28.19
2012-07-31,71.23,52.66,38.12,18.62,2.52,28.77
2012-08-07,70.19,52.28,38.49,20.18,3.51,29.81
2012-08-14,69.81,51.71,38.1,19.8,5.23,30.19
2012-08-21,69.47,52.9,36.84,19.24,5.27,30.53
2012-08-28,69.82,52.64,35.42,19.38,5.05,30.18
2012-09-04,69.63,53.07,35.54,17.94,5.13,30.37
2012-09-11,70.52,53.7,34.98,17.64,5.2,29.48
2012-09-18,70.2,54.26,34.36,17.35,4.98,29.8
2012-09-25,68.9,54.78,35.24,17.97,5.12,31.1
2012-10-02,68.31,54.05,33.52,16.83,5.07,31.69
2012-10-09,69.01,53.18,33.39,16.86,5.17,30.99
2012-10-16,67.55,52.22,32.49,15.96,4.88,32.45
2012-10-23,67.02,51.72,32.33,16.33,4.88,32.98
2012-10-30,65.78,50.36,32.02,15.93,4.92,34.22
2012-11-06,65.52,49.8,31.85,16.19,5.16,34.48
2012-11-13,65.46,49.25,30.11,15.31,5.02,34.54
2012-11-20,66.56,50.31,31.67,15.93,5.24,33.44
2012-11-27,71.19,52.44,34.76,16.83,5.34,28.81
2012-12-04,71.35,52.24,35.32,17.25,5.43,28.65
2012-12-11,69.44,51.82,35.63,17.62,5.43,30.56
2012-12-18,69.35,51.74,35.56,18.12,5.54,30.65
2012-12-25,72.32,51.76,35.52,18.06,5.62,27.68
2013-01-01,71.44,51.45,35.18,17.82,5.64,28.56
2013-01-08,70.55,50.74,34.89,17.4,5.6,29.45
2013-01-15,69.22,49.58,33.72,16.22,5.27,30.78
2013-01-22,68.91,48.55,33.53,16.15,5.31,31.09
2013-01-29,68.87,48.59,33.99,16.19,5.32,31.13
2013-02-05,66.24,47.86,33.58,15.97,5.72,33.76
2013-02-12,64.51,46.94,31.58,14.81,5.52,35.49
2013-02-19,65.3,47.01,31.31,15.6,5.57,34.7
2013-02-26,64.91,45.63,30.42,14.18,4.55,35.09
2013-03-05,63.56,44.93,30.49,14.25,4.55,36.44
2013-03-12,62.07,43.3,29.24,13.8,4.41,37.93
2013-03-19,63.41,43.7,29.67,14.08,4.51,36.59
2013-03-26,63.24,43.51,29.45,14.09,4.26,36.76
2013-04-02,64.63,43.74,29.53,14.32,4.35,35.37
2013-04-09,62.94,42.83,29.38,13.97,2.82,37.06
2013-04-16,57.97,40.32,26.85,12.18,2.15,42.03
2013-04-23,56.74,39.92,26.56,12.31,2.17,43.26
2013-04-30,54.84,39.55,27.38,11.67,2.84,45.16
2013-05-07,55.83,40.52,27.51,11.81,3.66,44.17
2013-05-14,55.25,40.18,27.02,11.4,3.68,44.75
2013-05-21,54.59,38.85,26.06,10.56,4.13,45.41
2013-05-28,51.19,37.4,24.73,9.82,3.96,48.81
2013-06-04,49.56,37.2,23.82,9.56,4.0,50.44
2013-06-11,47.96,37.22,23.77,9.49,3.92,52.04
2013-06-18,48.13,37.76,25.11,10.54,3.66,51.87
2013-06-25,50.6,38.12,26.79,10.98,3.65,49.4
2013-07-02,50.61,39.29,27.54,11.34,3.91,49.39
2013-07-09,51.86,39.96,28.1,11.57,3.9,48.14
2013-07-16,53.55,41.02,28.66,11.15,3.63,46.45
2013-07-23,57.53,42.26,28.2,10.48,3.2,42.47
2013-07-30,56.64,41.5,27.42,9.87,2.65,43.36
2013-08-06,56.78,41.38,27.32,10.01,2.32,43.22
2013-08-13,56.69,41.56,26.7,9.84,1.7,43.31
2013-08-20,58.92,42.65,28.08,8.81,1.1,41.08
2013-08-27,60.9,46.35,29.03,8.81,1.1,39.1
2013-09-03,59.67,45.31,27.89,8.24,1.05,40.33
2013-09-10,61.37,45.84,28.64,8.48,1.04,38.63
2013-09-17,59.15,43.15,24.25,5.73,0.36,40.85
2013-09-24,57.36,40.88,21.72,3.62,0.26,42.64
2013-10-01,55.79,37.21,17.33,2.56,0.24,44.21
2013-10-08,53.56,35.02,16.41,2.44,0.24,46.44
2013-10-15,51.05,33.45,15.18,2.31,0.24,48.95
2013-10-22,51.21,32.03,15.18,2.36,0.25,48.79
2013-10-29,51.97,31.77,15.13,2.37,0.25,48.03
2013-11-05,51.35,29.72,14.61,2.45,0.28,48.65
2013-11-12,52.11,29.33,14.46,2.49,0.28,47.89
2013-11-19,52.92,28.04,14.5,3.27,0.31,47.08
2013-11-26,50.77,26.47,13.81,3.18,0.32,49.23
2013-12-03,48.89,25.72,13.82,3.2,0.32,51.11
2013-12-10,48.92,25.47,13.71,3.19,0.32,51.08
2013-12-17,49.84,26.48,13.93,3.26,0.34,50.16
2013-12-24,46.97,26.15,13.94,3.34,0.31,53.03
2013-12-31,45.8,26.02,13.96,3.31,0.31,54.2
2014-01-07,47.11,27.9,14.34,3.46,0.31,52.89
2014-01-14,46.03,28.88,15.94,5.36,0.31,53.97
2014-01-21,46.7,28.91,15.94,5.36,0.31,53.3
2014-01-28,49.11,30.63,17.38,6.05,0.7,50.89
2014-02-04,49.36,31.35,17.42,6.16,0.74,50.64
2014-02-11,48.45,31.52,17.89,5.74,0.74,51.55
2014-02-18,46.56,29.96,17.77,6.06,0.95,53.44
2014-02-25,47.31,30.25,18.0,6.39,1.47,52.69
2014-03-04,46.78,30.05,18.02,6.19,1.32,53.22
2014-03-11,46.04,29.96,18.14,6.43,1.39,53.96
2014-03-18,43.53,31.34,18.61,7.07,1.37,56.47
2014-03-25,43.93,32.0,19.29,8.1,1.75,56.07
2014-04-01,44.69,32.09,20.16,8.19,1.82,55.31
2014-04-08,42.01,31.74,20.24,8.25,2.11,57.99
2014-04-15,40.96,31.65,21.06,8.44,2.36,59.04
2014-04-22,42.39,32.11,21.89,9.59,2.73,57.61
2014-04-29,41.3,32.11,22.36,10.66,3.24,58.7
2014-05-06,42.85,33.47,23.68,12.11,3.72,57.15
2014-05-13,41.27,31.82,23.43,11.7,3.73,58.73
2014-05-20,40.34,31.85,23.64,12.09,4.17,59.66
2014-05-27,40.53,31.69,23.16,11.4,2.8,59.47
2014-06-03,43.57,31.18,22.79,11.06,2.53,56.43
2014-06-10,42.05,30.2,21.7,10.17,2.24,57.95
2014-06-17,41.36,29.7,21.25,9.72,2.62,58.64
2014-06-24,41.42,29.27,20.74,9.38,2.43,58.58
2014-07-01,37.19,28.42,20.89,10.01,2.49,62.81
2014-07-08,38.09,28.63,20.84,10.04,2.45,61.91
2014-07-15,38.02,28.55,20.15,9.92,2.39,61.98
2014-07-22,38.7,28.1,19.93,9.4,2.33,61.3
2014-07-29,39.8,28.47,19.02,8.86,3.26,60.2
2014-08-05,39.81,28.36,18.54,8.52,3.21,60.19
2014-08-12,39.46,28.09,18.41,8.55,3.17,60.54
2014-08-19,40.2,28.05,18.07,8.45,3.18,59.8
2014-08-26,39.93,28.3,18.01,8.42,3.18,60.07
2014-09-02,39.16,27.4,17.49,8.28,3.18,60.84
2014-09-09,38.54,26.13,16.97,7.91,3.09,61.46
2014-09-16,37.87,26.0,16.67,7.79,3.11,62.13
2014-09-23,38.19,25.59,15.37,7.74,3.11,61.81
2014-09-30,40.11,25.55,15.59,7.87,3.22,59.89
2014-10-07,39.35,25.5,15.59,7.9,3.24,60.65
2014-10-14,37.17,24.89,15.15,7.77,3.24,62.83
2014-10-21,36.66,24.9,15.07,7.59,3.24,63.34
2014-10-28,36.36,24.74,15.05,7.66,3.33,63.64
2014-11-04,37.84,24.95,14.79,7.44,3.18,62.16
2014-11-11,39.11,24.73,14.43,7.37,3.17,60.89
2014-11-18,39.46,24.61,14.32,7.37,3.17,60.54
2014-11-25,39.51,24.16,14.05,7.29,3.07,60.49
2014-12-02,39.92,24.35,14.12,7.36,3.07,60.08
2014-12-09,40.73,24.94,14.28,7.47,3.09,59.27
2014-12-16,41.59,25.11,14.43,7.39,2.08,58.41
2014-12-23,42.01,25.04,14.36,7.39,2.11,57.99
2014-12-30,39.16,23.97,14.14,7.49,2.12,60.84
2015-01-06,37.02,23.48,14.0,7.39,2.07,62.98
2015-01-13,37.41,23.37,13.91,7.4,2.42,62.59
2015-01-20,38.95,23.63,14.18,7.42,2.43,61.05
2015-01-27,43.39,23.97,14.06,7.48,2.63,56.61
2015-02-03,41.66,23.85,13.41,7.41,2.61,58.34
2015-02-10,44.03,24.32,13.52,7.09,2.73,55.97
2015-02-17,50.42,26.93,13.74,7.19,2.81,49.58
2015-02-24,49.89,27.52,13.72,7.37,2.76,50.11
2015-03-03,49.45,26.73,13.08,7.05,2.68,50.55
2015-03-10,49.02,26.45,13.14,7.01,2.65,50.98
2015-03-17,50.11,29.06,13.57,7.2,2.65,49.89
2015-03-24,51.32,28.93,14.18,7.36,2.79,48.68
2015-03-31,53.96,30.83,15.54,7.49,2.79,46.04
2015-04-07,54.97,30.89,16.01,7.64,3.03,45.03
2015-04-14,53.1,31.34,15.99,7.6,2.97,46.9
2015-04-21,48.62,31.06,15.85,7.16,2.97,51.38
2015-04-28,48.51,31.3,16.74,6.77,2.85,51.49
2015-05-05,50.62,31.61,17.01,6.57,2.83,49.38
2015-05-12,50.68,28.97,14.77,6.01,2.62,49.32
2015-05-19,47.64,26.4,12.67,5.8,2.62,52.36
2015-05-26,46.42,22.07,11.86,5.8,2.62,53.58
2015-06-02,41.79,20.59,11.86,5.93,2.62,58.21
2015-06-09,39.13,19.52,11.46,5.77,2.56,60.87
2015-06-16,40.9,20.67,11.39,5.65,2.39,59.1
2015-06-23,43.04,21.97,11.96,5.65,2.39,56.96
2015-06-30,41.71,23.25,13.0,5.65,2.39,58.29
2015-07-07,40.52,24.59,14.35,6.24,2.39,59.48
2015-07-14,39.4,25.12,14.64,6.25,2.36,60.6
2015-07-21,39.4,24.91,14.01,6.25,2.36,60.6
2015-07-28,44.19,24.82,14.38,7.36,2.36,55.81
2015-08-04,47.02,26.02,14.62,7.37,2.36,52.98
2015-08-11,48.34,27.52,14.98,7.69,2.51,51.66
2015-08-18,49.49,27.92,15.26,7.88,2.51,50.51
2015-08-25,49.22,27.98,15.15,9.18,2.51,50.78
2015-09-01,49.88,28.4,15.69,8.98,2.51,50.12
2015-09-08,52.0,28.15,16.44,9.14,2.51,48.0
2015-09-15,52.48,28.0,16.4,9.35,2.51,47.52
2015-09-22,52.75,26.93,16.57,9.5,2.51,47.25
2015-09-29,52.99,26.82,16.82,9.58,2.51,47.01
2015-10-06,46.92,26.43,17.96,10.06,2.56,53.08
2015-10-13,48.7,27.3,18.84,11.08,2.73,51.3
2015-10-20,53.03,29.1,19.44,12.06,3.14,46.97
2015-10-27,48.67,25.33,14.41,8.65,2.51,51.33
2015-11-03,43.98,21.9,12.94,7.39,2.27,56.02
2015-11-10,41.46,21.07,12.76,7.08,2.26,58.54
2015-11-17,40.21,19.08,12.45,7.08,2.26,59.79
2015-11-24,35.88,18.34,12.41,7.04,2.26,64.12
2015-12-01,32.41,17.23,12.28,6.98,2.26,67.59
2015-12-08,31.13,16.88,12.0,6.67,2.26,68.87
2015-12-15,30.68,16.42,10.97,5.51,2.26,69.32
2015-12-22,30.0,16.18,10.58,5.51,2.26,70.0
2015-12-29,29.36,15.7,9.67,5.25,2.26,70.64
2016-01-05,28.07,15.42,8.39,4.32,2.26,71.93
2016-01-12,26.49,14.49,8.35,4.32,2.16,73.51
2016-01-19,25.9,13.74,7.13,4.05,2.02,74.1
2016-01-26,25.28,13.0,7.13,3.86,1.91,74.72
2016-02-02,26.05,13.01,7.06,3.86,1.88,73.95
2016-02-09,26.27,12.59,6.57,3.56,1.83,73.73
2016-02-16,28.83,12.7,6.47,3.41,1.83,71.17
2016-02-23,26.85,12.32,6.5,3.39,1.83,73.15
2016-03-01,28.59,12.07,6.51,3.39,1.83,71.41
2016-03-08,31.46,10.53,6.21,3.39,1.83,68.54
2016-03-15,30.79,10.53,5.43,3.14,1.56,69.21
2016-03-22,31.84,12.09,5.11,3.14,1.56,68.16
2016-03-29,35.31,12.76,4.92,3.14,1.56,64.69
2016-04-05,34.44,14.12,5.06,3.14,1.43,65.56
2016-04-12,36.62,14.98,5.19,3.14,1.43,63.38
2016-04-19,36.67,13.04,5.04,2.88,0.92,63.33
2016-04-26,36.98,12.99,5.0,2.88,0.92,63.02
2016-05-03,32.14,12.27,4.64,2.88,0.92,67.86
2016-05-10,29.24,12.3,4.49,2.83,0.92,70.76
2016-05-17,28.01,11.7,4.07,2.06,0.92,71.99
2016-05-24,28.83,11.47,3.68,2.06,0.92,71.17
2016-05-31,29.38,10.74,3.56,2.06,0.92,70.62
2016-06-07,31.88,11.15,3.8,2.06,0.92,68.12
2016-06-14,35.45,11.59,4.0,1.89,0.92,64.55
2016-06-21,38.95,12.45,4.24,1.89,0.92,61.05
2016-06-28,40.76,13.6,4.56,1.97,0.92,59.24
2016-07-05,40.69,14.89,5.05,2.1,0.92,59.31
2016-07-12,40.82,14.82,5.18,2.15,0.92,59.18
2016-07-19,44.54,15.74,5.68,2.39,0.92,55.46
2016-07-26,46.14,17.38,5.97,2.44,0.92,53.86
2016-08-02,45.45,17.67,6.09,2.41,0.92,54.55
2016-08-09,46.21,18.23,6.85,2.36,0.92,53.79
2016-08-16,42.54,16.62,6.44,2.43,0.92,57.46
2016-08-23,37.98,16.25,6.19,2.26,0.92,62.02
2016-08-30,37.7,16.31,6.07,2.26,0.92,62.3
2016-09-06,36.94,15.96,6.14,2.28,0.92,63.06
2016-09-13,36.95,15.33,6.45,2.39,0.92,63.05
2016-09-20,37.65,15.73,6.48,2.46,0.92,62.35
2016-09-27,38.79,15.84,6.77,2.67,0.97,61.21
2016-10-04,36.63,16.24,6.99,2.63,0.98,63.37
2016-10-11,37.29,16.82,7.25,2.88,1.05,62.71
2016-10-18,38.77,18.47,8.07,3.23,1.09,61.23
2016-10-25,38.74,19.99,8.56,3.41,1.29,61.26
2016-11-01,41.58,22.39,9.15,4.06,1.43,58.42
2016-11-08,42.37,22.86,9.51,4.14,1.59,57.63
2016-11-15,44.95,25.18,12.07,5.35,1.97,55.05
2016-11-22,47.46,26.02,14.26,6.9,2.28,52.54
2016-11-29,48.55,26.29,13.87,7.23,2.24,51.45
2016-12-06,47.3,25.4,11.68,4.43,1.66,52.7
2016-12-13,46.79,24.93,10.78,4.2,1.66,53.21
2016-12-20,47.25,23.53,8.85,3.82,1.58,52.75
2016-12-27,43.91,20.09,8.43,3.78,1.51,56.09
2017-01-03,40.29,18.83,7.21,2.63,0.8,59.71
2017-01-10,36.57,17.4,6.65,2.18,0.09,63.43
2017-01-17,34.77,16.09,5.66,2.0,0.09,65.23
2017-01-24,28.95,13.47,3.72,0.37,0.0,71.05
2017-01-31,28.25,12.15,3.2,0.34,0.0,71.75
2017-02-07,27.44,11.92,2.84,0.29,0.0,72.56
2017-02-14,28.01,11.32,2.65,0.29,0.0,71.99
2017-02-21,31.57,11.52,2.77,0.28,0.0,68.43
2017-02-28,33.97,11.77,3.07,0.41,0.0,66.03
2017-03-07,32.56,12.49,3.34,0.45,0.0,67.44
2017-03-14,31.77,12.74,3.3,0.41,0.0,68.23
2017-03-21,35.44,13.39,3.12,0.36,0.0,64.56
2017-03-28,34.88,11.91,2.39,0.17,0.0,65.12
2017-04-04,30.03,8.26,1.28,0.09,0.0,69.97
2017-04-11,27.77,6.88,1.23,0.07,0.0,72.23
2017-04-18,28.04,6.91,1.24,0.07,0.0,71.96
2017-04-25,23.62,5.15,0.92,0.03,0.0,76.38
2017-05-02,17.37,4.2,1.1,0.1,0.0,82.63
2017-05-09,18.04,4.41,1.1,0.23,0.0,81.96
2017-05-16,19.26,4.73,1.15,0.36,0.0,80.74
2017-05-23,17.34,3.82,1.02,0.35,0.0,82.66
2017-05-30,20.71,4.46,0.94,0.24,0.0,79.29
2017-06-06,19.7,7.5,1.04,0.0,0.0,80.3
2017-06-13,22.27,7.06,1.31,0.0,0.0,77.73
2017-06-20,22.46,7.2,1.78,0.46,0.0,77.54
2017-06-27,23.2,7.75,2.72,0.81,0.0,76.8
2017-07-04,23.82,8.13,3.21,1.19,0.0,76.18
2017-07-11,24.46,9.1,3.6,1.83,0.0,75.54
2017-07-18,31.17,10.03,3.99,1.93,0.19,68.83
2017-07-25,33.75,10.38,4.35,2.19,0.63,66.25
2017-08-01,32.01,11.04,4.39,2.17,0.63,67.99
2017-08-08,30.28,9.63,4.52,1.98,0.63,69.72
2017-08-15,25.33,9.58,4.48,2.05,0.59,74.67
2017-08-22,24.81,10.23,4.61,2.03,0.49,75.19
2017-08-29,25.76,10.0,4.82,2.22,1.01,74.24
2017-09-05,26.62,11.43,4.98,2.36,1.07,73.38
2017-09-12,28.41,13.55,5.24,2.62,1.07,71.59
2017-09-19,30.96,13.07,4.71,2.0,0.72,69.04
2017-09-26,31.02,11.65,4.19,1.97,0.72,68.98
2017-10-03,32.62,12.12,3.98,1.17,0.42,67.38
2017-10-10,31.97,11.91,3.39,0.89,0.22,68.03
2017-10-17,31.71,10.55,2.51,0.69,0.0,68.29
2017-10-24,30.51,10.08,2.18,0.74,0.0,69.49
2017-10-31,28.12,10.06,2.25,0.74,0.0,71.88
2017-11-07,27.52,10.08,2.44,0.63,0.0,72.48
2017-11-14,29.35,10.96,2.95,0.63,0.0,70.65
2017-11-21,30.85,12.91,3.48,0.63,0.0,69.15
2017-11-28,35.73,17.71,4.09,0.86,0.0,64.27
2017-12-05,39.86,20.34,5.01,1.03,0.0,60.14
2017-12-12,45.96,19.96,5.42,1.49,0.0,54.04
2017-12-19,47.49,21.91,5.82,1.07,0.0,52.51
2017-12-26,45.77,22.07,4.14,0.7,0.0,54.23
2018-01-02,46.48,23.18,6.24,0.69,0.0,53.52
2018-01-09,48.4,26.81,7.27,0.39,0.0,51.6
2018-01-16,51.01,27.62,8.38,0.54,0.0,48.99
2018-01-23,52.26,29.58,11.36,0.75,0.0,47.74
2018-01-30,61.93,32.11,14.38,1.44,0.0,38.07
2018-02-06,60.32,33.14,15.41,2.17,0.0,39.68
2018-02-13,54.92,30.37,15.07,2.47,0.0,45.08
2018-02-20,53.85,30.48,14.84,2.69,0.0,46.15
2018-02-27,49.97,26.15,11.96,2.69,0.0,50.03
2018-03-06,48.14,25.96,12.95,4.13,0.1,51.86
2018-03-13,47.84,26.36,13.62,4.74,0.17,52.16
2018-03-20,45.11,26.35,13.94,5.36,0.17,54.89
2018-03-27,44.48,26.14,13.67,6.07,0.46,55.52
2018-04-03,41.45,25.02,13.68,6.34,0.5,58.55
2018-04-10,40.58,25.24,13.94,6.78,1.1,59.42
2018-04-17,37.5,24.54,13.64,6.84,1.43,62.5
2018-04-24,37.23,24.22,13.66,7.1,1.64,62.77
2018-05-01,37.45,23.9,13.64,7.43,1.84,62.55
2018-05-08,38.86,23.12,13.31,7.78,1.93,61.14
2018-05-15,39.86,23.63,13.96,7.94,2.07,60.14
2018-05-22,36.52,22.32,14.07,7.85,2.0,63.48
2018-05-29,35.91,22.08,14.14,7.72,1.75,64.09
2018-06-05,39.04,22.63,14.26,7.66,1.71,60.96
2018-06-12,40.2,23.28,14.18,7.72,1.65,59.8
2018-06-19,40.44,22.67,13.82,6.88,1.53,59.56
2018-06-26,41.77,24.05,13.31,6.92,1.54,58.23
2018-07-03,42.04,24.83,13.91,6.96,1.57,57.96
2018-07-10,41.7,25.38,13.75,7.38,1.58,58.3
2018-07-17,42.96,26.31,14.02,7.21,1.57,57.04
2018-07-24,45.83,27.36,16.14,7.23,1.35,54.17
2018-07-31,46.51,28.95,16.22,7.11,1.35,53.49
2018-08-07,46.22,30.23,17.61,7.46,1.35,53.78
2018-08-14,49.46,30.7,16.73,6.8,1.42,50.54
2018-08-21,48.7,29.76,15.98,6.3,1.34,51.3
2018-08-28,47.53,29.2,16.2,6.26,1.3,52.47
2018-09-04,45.72,29.1,15.76,6.3,1.24,54.28
2018-09-11,42.94,25.79,13.96,5.75,1.23,57.06
2018-09-18,42.8,26.16,14.16,6.03,1.32,57.2
2018-09-25,41.37,25.06,14.92,6.26,1.45,58.63
2018-10-02,40.53,24.58,14.56,6.08,1.45,59.47
2018-10-09,37.14,22.26,12.37,4.72,1.21,62.86
2018-10-16,32.98,20.47,11.62,4.13,1.13,67.02
2018-10-23,32.81,20.36,11.39,4.01,1.13,67.19
2018-10-30,31.52,18.76,10.83,3.89,1.13,68.48
2018-11-06,30.74,18.13,10.21,3.61,1.12,69.26
2018-11-13,30.33,17.87,9.99,3.58,1.1,69.67
2018-11-20,29.05,19.11,9.91,3.59,1.1,70.95
2018-11-27,29.4,19.48,9.88,3.57,1.1,70.6
2018-12-04,28.24,18.91,9.81,3.17,0.98,71.76
2018-12-11,28.48,19.34,9.69,3.14,0.98,71.52
2018-12-18,28.77,19.37,9.69,3.11,0.96,71.23
2018-12-25,29.48,19.18,9.51,2.8,0.96,70.52
2019-01-01,26.94,18.69,9.13,2.75,0.95,73.06
2019-01-08,26.53,18.47,8.94,2.63,0.93,73.47
2019-01-15,27.4,18.49,8.54,2.58,0.93,72.6
2019-01-22,27.09,17.08,6.9,1.65,0.13,72.91
2019-01-29,26.09,14.27,5.81,1.6,0.13,73.91
2019-02-05,26.37,13.63,5.8,1.6,0.14,73.63
2019-02-12,28.05,13.56,5.39,1.6,0.05,71.95
2019-02-19,26.08,13.08,5.01,1.11,0.05,73.92
2019-02-26,23.4,10.65,3.53,0.46,0.03,76.6
2019-03-05,23.18,10.44,2.65,0.44,0.03,76.82
2019-03-12,19.4,6.03,1.77,0.44,0.03,80.6
2019-03-19,16.72,4.63,1.29,0.27,0.0,83.28
2019-03-26,16.53,4.69,1.03,0.0,0.0,83.47
2019-04-02,18.41,5.43,1.05,0.0,0.0,81.59
2019-04-09,16.28,4.31,0.86,0.0,0.0,83.72
2019-04-16,12.93,3.78,0.86,0.0,0.0,87.07
2019-04-23,11.45,2.58,0.54,0.0,0.0,88.55
2019-04-30,10.42,2.63,0.51,0.0,0.0,89.58
2019-05-07,9.32,2.53,0.2,0.0,0.0,90.68
2019-05-14,8.5,2.41,0.19,0.0,0.0,91.5
2019-05-21,8.99,2.71,0.27,0.14,0.0,91.01
2019-05-28,11.26,3.33,0.28,0.14,0.0,88.74
2019-06-04,11.94,4.97,0.7,0.14,0.0,88.06
2019-06-11,9.96,3.99,0.54,0.14,0.0,90.04
2019-06-18,11.15,3.99,0.77,0.14,0.0,88.85
2019-06-25,10.63,3.32,0.82,0.14,0.0,89.37
2019-07-02,10.5,3.25,0.77,0.14,0.0,89.5
2019-07-09,19.34,3.63,0.81,0.14,0.0,80.66
2019-07-16,19.58,6.56,0.87,0.14,0.0,80.42
2019-07-23,20.51,6.58,1.33,0.14,0.0,79.49
2019-07-30,22.84,6.93,1.31,0.14,0.0,77.16
2019-08-06,23.95,5.59,0.8,0.14,0.0,76.05
2019-08-13,25.3,6.79,1.38,0.16,0.0,74.7
2019-08-20,27.59,7.95,1.79,0.26,0.0,72.41
2019-08-27,28.8,10.52,2.31,0.38,0.0,71.2
2019-09-03,29.81,11.33,2.34,0.41,0.0,70.19
2019-09-10,30.73,14.28,3.46,0.5,0.0,69.27
2019-09-17,32.53,13.72,3.9,0.51,0.0,67.47
2019-09-24,35.57,16.23,3.72,0.4,0.0,64.43
2019-10-01,34.85,16.96,5.3,0.8,0.0,65.15
2019-10-08,32.65,17.88,6.66,1.15,0.0,67.35
2019-10-15,35.04,18.52,7.99,1.24,0.0,64.96
2019-10-22,32.99,18.36,7.45,0.77,0.0,67.01
2019-10-29,29.85,15.59,6.51,0.43,0.0,70.15
2019-11-05,24.99,13.75,5.28,0.44,0.0,75.01
2019-11-12,26.63,12.92,4.93,0.04,0.0,73.37
2019-11-19,26.42,12.2,4.84,0.16,0.0,73.58
2019-11-26,29.11,11.95,4.8,0.16,0.0,70.89
2019-12-03,27.97,9.91,3.85,0.09,0.0,72.03
2019-12-10,24.73,9.46,3.73,0.09,0.0,75.27
2019-12-17,23.86,10.74,3.41,0.09,0.0,76.14
2019-12-24,22.66,10.45,3.5,0.09,0.0,77.34
2019-12-31,21.47,9.53,3.21,0.06,0.0,78.53
2020-01-07,21.22,9.53,2.7,0.1,0.0,78.78
2020-01-14,20.51,9.12,2.61,0.1,0.0,79.49
2020-01-21,21.82,9.6,2.84,0.06,0.0,78.18
2020-01-28,23.89,9.2,2.01,0.04,0.0,76.11
2020-02-04,23.07,8.88,2.06,0.06,0.0,76.93
2020-02-11,21.78,8.87,2.15,0.14,0.0,78.22
2020-02-18,20.95,7.99,2.09,0.2,0.0,79.05
2020-02-25,20.26,8.5,1.88,0.2,0.0,79.74
2020-03-03,20.9,9.63,2.1,0.43,0.0,79.1
2020-03-10,20.31,10.75,2.17,0.43,0.0,79.69
2020-03-17,20.83,10.53,2.42,0.51,0.02,79.17
2020-03-24,20.95,9.9,2.36,0.33,0.03,79.05
2020-03-31,21.08,12.15,2.54,0.4,0.03,78.92
2020-04-07,21.33,12.43,2.38,0.18,0.01,78.67
2020-04-14,21.38,12.14,3.63,0.13,0.01,78.62
2020-04-21,22.5,12.27,4.72,0.41,0.0,77.5
2020-04-28,24.0,12.33,4.72,0.39,0.0,76.0
2020-05-05,25.75,13.44,5.24,0.81,0.0,74.25
2020-05-12,28.72,14.56,5.93,1.01,0.0,71.28
2020-05-19,29.9,15.8,6.1,1.09,0.0,70.1
2020-05-26,28.9,15.49,6.0,1.03,0.0,71.1
2020-06-02,30.16,16.7,6.45,1.07,0.0,69.84
2020-06-09,32.47,17.89,7.06,1.5,0.0,67.53
2020-06-16,36.73,19.61,8.31,1.9,0.0,63.27
2020-06-23,37.57,21.36,8.26,1.9,0.0,62.43
2020-06-30,38.15,21.42,8.81,2.08,0.06,61.85
2020-07-07,41.63,21.63,9.21,1.96,0.0,58.37
2020-07-14,43.99,23.04,9.7,2.29,0.0,56.01
2020-07-21,47.53,26.33,10.29,2.18,0.0,52.47
2020-07-28,47.84,27.41,11.78,2.43,0.0,52.16
2020-08-04,46.49,27.98,12.68,2.63,0.0,53.51
2020-08-11,45.57,28.76,13.37,3.2,0.0,54.43
2020-08-18,46.49,30.64,16.8,3.68,0.02,53.51
2020-08-25,49.99,32.87,20.06,6.59,0.07,50.01
2020-09-01,53.73,33.27,20.69,7.19,0.08,46.27
2020-09-08,52.94,32.68,21.02,9.79,0.14,47.06
2020-09-15,53.0,32.82,21.0,9.64,0.36,47.0
2020-09-22,53.87,33.49,21.71,10.67,0.48,46.13
2020-09-29,55.5,35.78,22.89,12.23,1.0,44.5
2020-10-06,55.04,37.2,24.29,13.33,1.73,44.96
2020-10-13,56.66,39.28,24.97,14.07,1.73,43.34
2020-10-20,57.61,39.53,24.67,15.23,2.36,42.39
2020-10-27,55.96,38.75,24.97,15.06,2.36,44.04
2020-11-03,54.07,37.94,24.18,14.84,2.38,45.93
2020-11-10,55.8,38.62,25.18,15.71,3.39,44.2
2020-11-17,55.95,39.6,25.77,15.73,4.72,44.05
2020-11-24,58.25,40.67,26.79,17.04,7.12,41.75
2020-12-01,57.72,40.18,26.67,17.57,8.24,42.28
2020-12-08,58.2,41.06,27.99,17.63,8.27,41.8
2020-12-15,57.83,41.25,28.52,18.41,8.26,42.17
2020-12-22,57.47,41.46,28.59,18.56,8.26,42.53
2020-12-29,56.95,40.97,28.61,18.56,8.26,43.05
2021-01-05,52.94,38.27,27.49,17.63,7.91,47.06
2021-01-12,54.28,37.52,27.17,17.69,7.73,45.72
2021-01-19,55.7,37.64,27.11,17.77,7.82,44.3
2021-01-26,54.75,38.5,27.17,17.63,7.49,45.25
2021-02-02,56.98,38.27,26.31,17.03,7.33,43.02
2021-02-09,57.1,38.4,26.14,17.02,7.35,42.9
2021-02-16,56.91,37.78,25.21,15.89,6.8,43.09
2021-02-23,56.44,38.09,25.78,15.59,7.05,43.56
2021-03-02,55.02,38.95,25.84,15.55,7.1,44.98
2021-03-09,61.28,39.06,26.41,15.51,7.17,38.72
2021-03-16,60.69,36.91,25.11,14.84,7.15,39.31
2021-03-23,59.31,36.4,24.92,15.09,7.3,40.69
2021-03-30,58.62,36.7,24.74,15.61,7.28,41.38
2021-04-06,58.5,37.64,25.64,16.91,7.45,41.5
2021-04-13,55.63,38.01,26.16,17.42,7.57,44.37
2021-04-20,57.42,39.5,26.59,17.66,7.6,42.58
2021-04-27,60.61,40.43,27.14,18.15,7.7,39.39
2021-05-04,58.41,38.91,26.93,18.84,7.56,41.59
2021-05-11,54.62,38.59,26.65,18.8,7.97,45.38
2021-05-18,53.41,36.97,25.94,18.29,8.11,46.59
2021-05-25,54.8,36.31,25.2,17.75,8.55,45.2
2021-06-01,52.82,36.54,25.47,17.53,8.16,47.18
2021-06-08,53.6,37.82,26.77,17.76,8.26,46.4
2021-06-15,52.69,38.5,27.51,17.9,8.26,47.31
2021-06-22,53.18,39.89,29.02,18.23,8.25,46.82
2021-06-29,51.35,39.53,29.85,19.0,8.11,48.65
2021-07-06,52.38,39.6,30.67,18.97,7.93,47.62
2021-07-13,50.92,38.91,30.99,20.19,8.25,49.08
2021-07-20,50.06,40.13,31.81,21.38,8.36,49.94
2021-07-27,49.43,39.74,32.11,21.29,7.39,50.57
2021-08-03,49.21,39.99,32.64,21.71,7.45,50.79
2021-08-10,50.31,39.98,32.65,22.11,7.57,49.69
2021-08-17,50.35,40.28,32.17,22.39,7.71,49.65
2021-08-24,48.66,39.62,31.81,21.43,6.99,51.34
2021-08-31,46.53,39.03,30.61,20.47,6.62,53.47
2021-09-07,45.98,38.19,29.86,20.04,6.36,54.02
2021-09-14,48.99,38.19,29.85,19.87,6.29,51.01
2021-09-21,51.0,38.98,29.59,19.0,6.03,49.0
2021-09-28,52.49,40.05,30.61,19.32,6.07,47.51
2021-10-05,52.25,39.72,30.5,19.3,5.91,47.75
2021-10-12,52.39,39.61,29.53,18.58,5.86,47.61
2021-10-19,51.66,38.88,28.14,17.36,5.58,48.34
2021-10-26,53.77,39.62,28.29,15.95,5.04,46.23
2021-11-02,52.59,40.01,27.55,15.03,4.8,47.41
2021-11-09,52.76,40.25,27.27,14.81,4.56,47.24
2021-11-16,53.23,40.87,27.22,14.36,4.46,46.77
2021-11-23,54.97,42.32,27.62,14.42,4.45,45.03
2021-11-30,57.93,44.76,29.38,14.86,4.45,42.07
2021-12-07,60.41,46.53,31.05,14.92,4.16,39.59
2021-12-14,61.96,46.15,30.66,14.83,3.81,38.04
2021-12-21,60.63,46.17,30.67,14.68,3.07,39.37
2021-12-28,61.5,46.23,30.3,11.7,1.59,38.5
2022-01-04,60.09,45.82,29.35,10.33,1.3,39.91
2022-01-11,60.08,45.96,29.53,9.6,1.03,39.92
2022-01-18,59.35,46.06,30.08,9.43,1.0,40.65
2022-01-25,59.41,46.14,30.4,10.2,1.1,40.59
2022-02-01,60.59,46.33,30.52,10.21,1.12,39.41
2022-02-08,59.66,46.5,29.58,9.46,1.12,40.34
2022-02-15,60.82,47.81,30.37,9.9,1.04,39.18
2022-02-22,61.48,48.19,30.32,10.17,1.03,38.52
2022-03-01,61.62,49.58,33.4,11.12,0.98,38.38
2022-03-08,62.95,51.19,34.95,12.49,1.7,37.05
2022-03-15,62.24,51.09,35.48,14.24,1.74,37.76
2022-03-22,60.26,48.83,34.15,13.82,1.47,39.74
2022-03-29,58.3,48.57,34.54,14.33,1.55,41.7
2022-04-05,58.08,48.01,36.16,14.63,1.78,41.92
2022-04-12,56.53,47.52,36.17,16.19,2.16,43.47
2022-04-19,55.16,46.35,35.96,16.91,2.36,44.84
2022-04-26,54.21,45.37,35.37,16.49,2.97,45.79
2022-05-03,54.05,45.01,33.86,15.48,3.48,45.95
2022-05-10,51.81,44.38,33.25,16.69,3.57,48.19
2022-05-17,53.43,43.98,33.38,18.07,4.82,46.57
2022-05-24,53.38,42.41,32.74,17.5,4.98,46.62
2022-05-31,51.57,41.42,30.93,16.83,4.61,48.43
2022-06-07,54.9,40.1,28.74,16.4,4.54,45.1
2022-06-14,55.2,39.23,27.41,16.41,4.67,44.8
2022-06-21,59.82,39.84,27.5,15.99,4.69,40.18
2022-06-28,65.03,42.53,27.6,14.68,3.23,34.97
2022-07-05,66.08,44.3,27.57,14.74,3.22,33.92
2022-07-12,64.67,44.98,27.19,14.38,3.9,35.33
2022-07-19,63.32,44.57,30.11,15.08,3.77,36.68
2022-07-26,60.41,43.61,31.0,16.39,3.71,39.59
2022-08-02,56.75,43.16,30.97,15.85,3.74,43.25
2022-08-09,55.47,41.97,30.32,15.56,3.6,44.53
2022-08-16,56.32,41.23,29.13,14.47,3.26,43.68
2022-08-23,54.33,39.33,27.42,12.31,2.17,45.67
2022-08-30,54.37,38.23,25.72,10.91,1.68,45.63
2022-09-06,53.54,36.96,24.24,9.55,1.45,46.46
2022-09-13,55.64,37.91,24.45,9.35,1.48,44.36
2022-09-20,57.92,41.02,24.93,9.77,1.87,42.08
2022-09-27,63.08,42.65,25.36,10.45,2.14,36.92
2022-10-04,64.83,44.04,27.15,11.45,2.24,35.17
2022-10-11,68.48,46.43,27.71,12.11,2.47,31.52
2022-10-18,68.86,49.71,28.82,12.27,2.55,31.14
2022-10-25,70.72,52.7,30.17,12.22,2.39,29.28
2022-11-01,71.39,52.54,30.41,12.07,2.48,28.61
2022-11-08,71.15,50.46,29.12,11.84,2.52,28.85
2022-11-15,68.53,49.41,27.52,11.65,2.37,31.47
2022-11-22,68.42,49.59,27.62,11.67,2.4,31.58
2022-11-29,66.73,48.1,26.88,10.87,2.33,33.27
2022-12-06,65.74,46.41,26.0,10.37,2.36,34.26
2022-12-13,64.97,44.51,25.18,9.43,1.97,35.03
2022-12-20,61.83,41.22,23.58,8.99,1.96,38.17
2022-12-27,61.95,41.5,23.58,8.99,1.96,38.05
2023-01-03,58.15,38.67,21.93,8.24,1.55,41.85
2023-01-10,55.68,36.78,20.1,7.02,1.5,44.32
2023-01-17,54.37,36.72,19.42,6.61,1.5,45.63
2023-01-24,52.75,36.0,18.13,6.25,1.48,47.25
2023-01-31,51.61,35.67,17.87,6.2,1.45,48.39
2023-02-07,50.5,34.99,16.39,5.29,1.48,49.5
2023-02-14,47.98,34.55,15.81,4.69,1.42,52.02
2023-02-21,48.02,34.7,15.26,4.57,1.37,51.98
2023-02-28,45.97,32.13,14.46,4.72,1.29,54.03
2023-03-07,45.87,31.45,13.98,4.43,1.27,54.13
2023-03-14,43.91,29.9,13.14,4.44,1.3,56.09
2023-03-21,44.03,28.86,12.26,4.15,1.45,55.97
2023-03-28,43.47,25.65,11.61,4.4,1.53,56.53
2023-04-04,43.14,23.63,11.21,4.54,1.6,56.86
2023-04-11,39.51,21.77,10.56,4.37,1.75,60.49
2023-04-18,38.92,21.61,10.42,4.63,1.87,61.08
2023-04-25,38.52,21.37,10.02,4.99,1.88,61.48
2023-05-02,38.4,20.42,9.82,5.13,1.51,61.6
2023-05-09,38.13,19.65,9.72,4.92,1.49,61.87
2023-05-16,34.59,17.02,7.95,3.61,1.22,65.41
2023-05-23,33.94,16.05,7.44,3.11,1.11,66.06
2023-05-30,41.87,15.84,6.8,2.74,1.04,58.13
2023-06-06,45.72,18.33,5.99,1.96,0.66,54.28
2023-06-13,45.71,20.89,5.76,1.82,0.6,54.29
2023-06-20,46.94,22.67,6.69,2.06,0.47,53.06
2023-06-27,45.14,22.61,7.74,2.16,0.49,54.86
2023-07-04,43.75,22.57,7.83,2.29,0.45,56.25
2023-07-11,41.33,22.48,7.89,2.16,0.33,58.67
2023-07-18,41.62,21.6,7.14,2.23,0.29,58.38
2023-07-25,42.81,22.68,8.18,2.19,0.22,57.19
2023-08-01,44.26,23.52,8.99,2.11,0.22,55.74
2023-08-08,45.35,25.54,9.77,2.3,0.19,54.65
2023-08-15,43.99,25.86,10.7,2.59,0.18,56.01
2023-08-22,43.32,27.52,14.58,4.82,1.0,56.68
2023-08-29,43.38,28.76,15.93,6.23,1.28,56.62
2023-09-05,43.79,30.2,18.27,7.52,1.65,56.21
2023-09-12,44.82,31.1,19.32,8.0,1.98,55.18
2023-09-19,46.82,31.71,19.63,9.44,2.52,53.18
2023-09-26,47.47,32.1,18.79,8.48,2.35,52.53
2023-10-03,49.12,33.62,19.41,8.35,2.45,50.88
2023-10-10,49.59,33.59,18.96,7.53,2.11,50.41
2023-10-17,48.98,33.22,18.92,7.28,2.1,51.02
2023-10-24,48.68,33.43,19.9,7.59,2.19,51.32
2023-10-31,45.63,30.68,17.65,6.62,1.82,54.37
2023-11-07,46.42,31.48,18.26,7.16,2.1,53.58
2023-11-14,46.77,31.46,18.07,7.52,2.31,53.23
2023-11-21,47.16,31.44,18.1,7.27,2.06,52.84
2023-11-28,46.79,30.28,17.12,6.54,1.78,53.21
2023-12-05,46.46,28.85,15.85,6.2,1.02,53.54
2023-12-12,46.99,28.05,15.34,5.29,0.91,53.01
2023-12-19,46.42,27.88,15.24,5.48,0.93,53.58
2023-12-26,45.5,27.07,13.99,5.38,0.97,54.5
2024-01-02,45.94,27.59,13.88,5.25,1.02,54.06
2024-01-09,44.86,26.71,12.78,4.51,0.68,55.14
2024-01-16,42.81,24.13,11.25,4.11,0.6,57.19
2024-01-23,41.8,22.95,10.86,3.72,0.57,58.2
2024-01-30,37.12,19.72,9.01,1.93,0.25,62.88
2024-02-06,35.02,17.79,7.73,1.63,0.23,64.98
2024-02-13,33.26,16.32,6.44,1.29,0.15,66.74
2024-02-20,34.71,16.62,6.39,1.21,0.12,65.29
2024-02-27,39.35,18.09,6.51,1.25,0.12,60.65
2024-03-05,39.75,18.32,6.54,1.27,0.12,60.25
2024-03-12,38.3,18.66,6.43,1.27,0.12,61.7
2024-03-19,37.0,17.78,5.77,1.2,0.12,63.0
2024-03-26,35.2,15.18,4.83,1.0,0.12,64.8
2024-04-02,34.47,15.12,4.61,0.99,0.12,65.53
2024-04-09,32.63,14.66,4.31,0.92,0.12,67.37
2024-04-16,32.79,15.02,4.38,0.9,0.12,67.21
2024-04-23,32.28,15.14,4.74,0.71,0.05,67.72
2024-04-30,31.64,14.23,4.83,0.71,0.05,68.36
2024-05-07,29.47,12.66,4.29,0.67,0.05,70.53
2024-05-14,26.39,11.71,4.07,0.68,0.05,73.61
